<?xml version="1.0"?>
<datosMarte>
	<listaOrganismos>
		<organismo>
			<codigo>PO10LC</codigo>
			<nombre>Harutito</nombre>
		</organismo>
		<organismo>
			<codigo>DD03DT</codigo>
			<nombre>Pushina</nombre>
		</organismo>
		<organismo>
			<codigo>HA05FA</codigo>
			<nombre>Hanoide</nombre>
		</organismo>
		<organismo>
			<codigo>DM17GF</codigo>
			<nombre>Leonino</nombre>
		</organismo>
	</listaOrganismos>
	<listadoMuestras>
		<muestra>
			<codigo>A01</codigo>
			<descripcion>Muestra más pequeña</descripcion>
			<filas>29</filas>
			<columnas>42</columnas>
			<listadoCeldasVivas>
				<celdaViva>
					<fila>1</fila>
					<columna>6</columna>
					<codigoOrganismo>PO10LC</codigoOrganismo>
				</celdaViva>
				<celdaViva>
					<fila>2</fila>
					<columna>7</columna>
					<codigoOrganismo>PO10LC</codigoOrganismo>
				</celdaViva>
				<celdaViva>
					<fila>2</fila>
					<columna>8</columna>
					<codigoOrganismo>PO10LC</codigoOrganismo>
				</celdaViva>
				<celdaViva>
					<fila>2</fila>
					<columna>20</columna>
					<codigoOrganismo>PO10LC</codigoOrganismo>
				</celdaViva>
				<celdaViva>
					<fila>3</fila>
					<columna>7</columna>
					<codigoOrganismo>PO10LC</codigoOrganismo>
				</celdaViva>
				<celdaViva>
					<fila>3</fila>
					<columna>9</columna>
					<codigoOrganismo>PO10LC</codigoOrganismo>
				</celdaViva>
				<celdaViva>
					<fila>3</fila>
					<columna>21</columna>
					<codigoOrganismo>PO10LC</codigoOrganismo>
				</celdaViva>
				<celdaViva>
					<fila>4</fila>
					<columna>4</columna>
					<codigoOrganismo>PO10LC</codigoOrganismo>
				</celdaViva>
				<celdaViva>
					<fila>4</fila>
					<columna>6</columna>
					<codigoOrganismo>PO10LC</codigoOrganismo>
				</celdaViva>
				<celdaViva>
					<fila>4</fila>
					<columna>8</columna>
					<codigoOrganismo>PO10LC</codigoOrganismo>
				</celdaViva>
				<celdaViva>
					<fila>5</fila>
					<columna>5</columna>
					<codigoOrganismo>PO10LC</codigoOrganismo>
				</celdaViva>
				<celdaViva>
					<fila>5</fila>
					<columna>6</columna>
					<codigoOrganismo>PO10LC</codigoOrganismo>
				</celdaViva>
				<celdaViva>
					<fila>5</fila>
					<columna>7</columna>
					<codigoOrganismo>PO10LC</codigoOrganismo>
				</celdaViva>
				<celdaViva>
					<fila>5</fila>
					<columna>21</columna>
					<codigoOrganismo>PO10LC</codigoOrganismo>
				</celdaViva>
				<celdaViva>
					<fila>6</fila>
					<columna>4</columna>
					<codigoOrganismo>PO10LC</codigoOrganismo>
				</celdaViva>
				<celdaViva>
					<fila>6</fila>
					<columna>8</columna>
					<codigoOrganismo>PO10LC</codigoOrganismo>
				</celdaViva>
				<celdaViva>
					<fila>9</fila>
					<columna>36</columna>
					<codigoOrganismo>PO10LC</codigoOrganismo>
				</celdaViva>
				<celdaViva>
					<fila>11</fila>
					<columna>35</columna>
					<codigoOrganismo>PO10LC</codigoOrganismo>
				</celdaViva>
				<celdaViva>
					<fila>12</fila>
					<columna>38</columna>
					<codigoOrganismo>PO10LC</codigoOrganismo>
				</celdaViva>
				<celdaViva>
					<fila>14</fila>
					<columna>25</columna>
					<codigoOrganismo>PO10LC</codigoOrganismo>
				</celdaViva>
				<celdaViva>
					<fila>15</fila>
					<columna>39</columna>
					<codigoOrganismo>PO10LC</codigoOrganismo>
				</celdaViva>
				<celdaViva>
					<fila>16</fila>
					<columna>20</columna>
					<codigoOrganismo>PO10LC</codigoOrganismo>
				</celdaViva>
				<celdaViva>
					<fila>16</fila>
					<columna>39</columna>
					<codigoOrganismo>PO10LC</codigoOrganismo>
				</celdaViva>
				<celdaViva>
					<fila>24</fila>
					<columna>22</columna>
					<codigoOrganismo>PO10LC</codigoOrganismo>
				</celdaViva>
				<celdaViva>
					<fila>1</fila>
					<columna>9</columna>
					<codigoOrganismo>DD03DT</codigoOrganismo>
				</celdaViva>
				<celdaViva>
					<fila>2</fila>
					<columna>5</columna>
					<codigoOrganismo>DD03DT</codigoOrganismo>
				</celdaViva>
				<celdaViva>
					<fila>3</fila>
					<columna>3</columna>
					<codigoOrganismo>DD03DT</codigoOrganismo>
				</celdaViva>
				<celdaViva>
					<fila>3</fila>
					<columna>5</columna>
					<codigoOrganismo>DD03DT</codigoOrganismo>
				</celdaViva>
				<celdaViva>
					<fila>3</fila>
					<columna>19</columna>
					<codigoOrganismo>DD03DT</codigoOrganismo>
				</celdaViva>
				<celdaViva>
					<fila>3</fila>
					<columna>20</columna>
					<codigoOrganismo>DD03DT</codigoOrganismo>
				</celdaViva>
				<celdaViva>
					<fila>4</fila>
					<columna>20</columna>
					<codigoOrganismo>DD03DT</codigoOrganismo>
				</celdaViva>
				<celdaViva>
					<fila>5</fila>
					<columna>18</columna>
					<codigoOrganismo>DD03DT</codigoOrganismo>
				</celdaViva>
				<celdaViva>
					<fila>5</fila>
					<columna>19</columna>
					<codigoOrganismo>DD03DT</codigoOrganismo>
				</celdaViva>
				<celdaViva>
					<fila>8</fila>
					<columna>18</columna>
					<codigoOrganismo>DD03DT</codigoOrganismo>
				</celdaViva>
				<celdaViva>
					<fila>11</fila>
					<columna>34</columna>
					<codigoOrganismo>DD03DT</codigoOrganismo>
				</celdaViva>
				<celdaViva>
					<fila>11</fila>
					<columna>37</columna>
					<codigoOrganismo>DD03DT</codigoOrganismo>
				</celdaViva>
				<celdaViva>
					<fila>12</fila>
					<columna>34</columna>
					<codigoOrganismo>DD03DT</codigoOrganismo>
				</celdaViva>
				<celdaViva>
					<fila>12</fila>
					<columna>40</columna>
					<codigoOrganismo>DD03DT</codigoOrganismo>
				</celdaViva>
				<celdaViva>
					<fila>13</fila>
					<columna>34</columna>
					<codigoOrganismo>DD03DT</codigoOrganismo>
				</celdaViva>
				<celdaViva>
					<fila>14</fila>
					<columna>34</columna>
					<codigoOrganismo>DD03DT</codigoOrganismo>
				</celdaViva>
				<celdaViva>
					<fila>14</fila>
					<columna>40</columna>
					<codigoOrganismo>DD03DT</codigoOrganismo>
				</celdaViva>
				<celdaViva>
					<fila>15</fila>
					<columna>34</columna>
					<codigoOrganismo>DD03DT</codigoOrganismo>
				</celdaViva>
				<celdaViva>
					<fila>26</fila>
					<columna>20</columna>
					<codigoOrganismo>DD03DT</codigoOrganismo>
				</celdaViva>
				<celdaViva>
					<fila>26</fila>
					<columna>21</columna>
					<codigoOrganismo>DD03DT</codigoOrganismo>
				</celdaViva>
				<celdaViva>
					<fila>11</fila>
					<columna>36</columna>
					<codigoOrganismo>HA05FA</codigoOrganismo>
				</celdaViva>
				<celdaViva>
					<fila>12</fila>
					<columna>35</columna>
					<codigoOrganismo>HA05FA</codigoOrganismo>
				</celdaViva>
				<celdaViva>
					<fila>12</fila>
					<columna>36</columna>
					<codigoOrganismo>HA05FA</codigoOrganismo>
				</celdaViva>
				<celdaViva>
					<fila>13</fila>
					<columna>35</columna>
					<codigoOrganismo>HA05FA</codigoOrganismo>
				</celdaViva>
				<celdaViva>
					<fila>13</fila>
					<columna>36</columna>
					<codigoOrganismo>HA05FA</codigoOrganismo>
				</celdaViva>
				<celdaViva>
					<fila>13</fila>
					<columna>37</columna>
					<codigoOrganismo>HA05FA</codigoOrganismo>
				</celdaViva>
				<celdaViva>
					<fila>13</fila>
					<columna>39</columna>
					<codigoOrganismo>HA05FA</codigoOrganismo>
				</celdaViva>
				<celdaViva>
					<fila>14</fila>
					<columna>35</columna>
					<codigoOrganismo>HA05FA</codigoOrganismo>
				</celdaViva>
				<celdaViva>
					<fila>14</fila>
					<columna>36</columna>
					<codigoOrganismo>HA05FA</codigoOrganismo>
				</celdaViva>
				<celdaViva>
					<fila>15</fila>
					<columna>35</columna>
					<codigoOrganismo>HA05FA</codigoOrganismo>
				</celdaViva>
				<celdaViva>
					<fila>15</fila>
					<columna>36</columna>
					<codigoOrganismo>HA05FA</codigoOrganismo>
				</celdaViva>
				<celdaViva>
					<fila>15</fila>
					<columna>38</columna>
					<codigoOrganismo>HA05FA</codigoOrganismo>
				</celdaViva>
				<celdaViva>
					<fila>16</fila>
					<columna>36</columna>
					<codigoOrganismo>HA05FA</codigoOrganismo>
				</celdaViva>
				<celdaViva>
					<fila>17</fila>
					<columna>36</columna>
					<codigoOrganismo>HA05FA</codigoOrganismo>
				</celdaViva>
				<celdaViva>
					<fila>4</fila>
					<columna>7</columna>
					<codigoOrganismo>DM17GF</codigoOrganismo>
				</celdaViva>
				<celdaViva>
					<fila>5</fila>
					<columna>4</columna>
					<codigoOrganismo>DM17GF</codigoOrganismo>
				</celdaViva>
				<celdaViva>
					<fila>5</fila>
					<columna>8</columna>
					<codigoOrganismo>DM17GF</codigoOrganismo>
				</celdaViva>
				<celdaViva>
					<fila>5</fila>
					<columna>20</columna>
					<codigoOrganismo>DM17GF</codigoOrganismo>
				</celdaViva>
				<celdaViva>
					<fila>7</fila>
					<columna>7</columna>
					<codigoOrganismo>DM17GF</codigoOrganismo>
				</celdaViva>
				<celdaViva>
					<fila>12</fila>
					<columna>5</columna>
					<codigoOrganismo>DM17GF</codigoOrganismo>
				</celdaViva>
				<celdaViva>
					<fila>13</fila>
					<columna>6</columna>
					<codigoOrganismo>DM17GF</codigoOrganismo>
				</celdaViva>
				<celdaViva>
					<fila>14</fila>
					<columna>5</columna>
					<codigoOrganismo>DM17GF</codigoOrganismo>
				</celdaViva>
				<celdaViva>
					<fila>14</fila>
					<columna>37</columna>
					<codigoOrganismo>DM17GF</codigoOrganismo>
				</celdaViva>
				<celdaViva>
					<fila>14</fila>
					<columna>39</columna>
					<codigoOrganismo>DM17GF</codigoOrganismo>
				</celdaViva>
				<celdaViva>
					<fila>15</fila>
					<columna>4</columna>
					<codigoOrganismo>DM17GF</codigoOrganismo>
				</celdaViva>
				<celdaViva>
					<fila>15</fila>
					<columna>5</columna>
					<codigoOrganismo>DM17GF</codigoOrganismo>
				</celdaViva>
				<celdaViva>
					<fila>15</fila>
					<columna>6</columna>
					<codigoOrganismo>DM17GF</codigoOrganismo>
				</celdaViva>
				<celdaViva>
					<fila>15</fila>
					<columna>7</columna>
					<codigoOrganismo>DM17GF</codigoOrganismo>
				</celdaViva>
				<celdaViva>
					<fila>15</fila>
					<columna>8</columna>
					<codigoOrganismo>DM17GF</codigoOrganismo>
				</celdaViva>
				<celdaViva>
					<fila>16</fila>
					<columna>3</columna>
					<codigoOrganismo>DM17GF</codigoOrganismo>
				</celdaViva>
				<celdaViva>
					<fila>16</fila>
					<columna>4</columna>
					<codigoOrganismo>DM17GF</codigoOrganismo>
				</celdaViva>
				<celdaViva>
					<fila>16</fila>
					<columna>5</columna>
					<codigoOrganismo>DM17GF</codigoOrganismo>
				</celdaViva>
				<celdaViva>
					<fila>16</fila>
					<columna>6</columna>
					<codigoOrganismo>DM17GF</codigoOrganismo>
				</celdaViva>
				<celdaViva>
					<fila>16</fila>
					<columna>7</columna>
					<codigoOrganismo>DM17GF</codigoOrganismo>
				</celdaViva>
				<celdaViva>
					<fila>16</fila>
					<columna>35</columna>
					<codigoOrganismo>DM17GF</codigoOrganismo>
				</celdaViva>
				<celdaViva>
					<fila>16</fila>
					<columna>37</columna>
					<codigoOrganismo>DM17GF</codigoOrganismo>
				</celdaViva>
				<celdaViva>
					<fila>16</fila>
					<columna>38</columna>
					<codigoOrganismo>DM17GF</codigoOrganismo>
				</celdaViva>
				<celdaViva>
					<fila>17</fila>
					<columna>5</columna>
					<codigoOrganismo>DM17GF</codigoOrganismo>
				</celdaViva>
				<celdaViva>
					<fila>17</fila>
					<columna>7</columna>
					<codigoOrganismo>DM17GF</codigoOrganismo>
				</celdaViva>
				<celdaViva>
					<fila>17</fila>
					<columna>37</columna>
					<codigoOrganismo>DM17GF</codigoOrganismo>
				</celdaViva>
				<celdaViva>
					<fila>18</fila>
					<columna>3</columna>
					<codigoOrganismo>DM17GF</codigoOrganismo>
				</celdaViva>
				<celdaViva>
					<fila>18</fila>
					<columna>4</columna>
					<codigoOrganismo>DM17GF</codigoOrganismo>
				</celdaViva>
				<celdaViva>
					<fila>18</fila>
					<columna>5</columna>
					<codigoOrganismo>DM17GF</codigoOrganismo>
				</celdaViva>
				<celdaViva>
					<fila>18</fila>
					<columna>6</columna>
					<codigoOrganismo>DM17GF</codigoOrganismo>
				</celdaViva>
				<celdaViva>
					<fila>18</fila>
					<columna>7</columna>
					<codigoOrganismo>DM17GF</codigoOrganismo>
				</celdaViva>
				<celdaViva>
					<fila>18</fila>
					<columna>35</columna>
					<codigoOrganismo>DM17GF</codigoOrganismo>
				</celdaViva>
				<celdaViva>
					<fila>24</fila>
					<columna>23</columna>
					<codigoOrganismo>DM17GF</codigoOrganismo>
				</celdaViva>
			</listadoCeldasVivas>
		</muestra>
		<muestra>
			<codigo>A03</codigo>
			<descripcion>Muestra más grande</descripcion>
			<filas>40</filas>
			<columnas>50</columnas>
			<listadoCeldasVivas>
				<celdaViva>
					<fila>4</fila>
					<columna>46</columna>
					<codigoOrganismo>PO10LC</codigoOrganismo>
				</celdaViva>
				<celdaViva>
					<fila>8</fila>
					<columna>45</columna>
					<codigoOrganismo>PO10LC</codigoOrganismo>
				</celdaViva>
				<celdaViva>
					<fila>9</fila>
					<columna>45</columna>
					<codigoOrganismo>PO10LC</codigoOrganismo>
				</celdaViva>
				<celdaViva>
					<fila>10</fila>
					<columna>7</columna>
					<codigoOrganismo>PO10LC</codigoOrganismo>
				</celdaViva>
				<celdaViva>
					<fila>10</fila>
					<columna>8</columna>
					<codigoOrganismo>PO10LC</codigoOrganismo>
				</celdaViva>
				<celdaViva>
					<fila>10</fila>
					<columna>9</columna>
					<codigoOrganismo>PO10LC</codigoOrganismo>
				</celdaViva>
				<celdaViva>
					<fila>10</fila>
					<columna>10</columna>
					<codigoOrganismo>PO10LC</codigoOrganismo>
				</celdaViva>
				<celdaViva>
					<fila>10</fila>
					<columna>11</columna>
					<codigoOrganismo>PO10LC</codigoOrganismo>
				</celdaViva>
				<celdaViva>
					<fila>10</fila>
					<columna>33</columna>
					<codigoOrganismo>PO10LC</codigoOrganismo>
				</celdaViva>
				<celdaViva>
					<fila>10</fila>
					<columna>34</columna>
					<codigoOrganismo>PO10LC</codigoOrganismo>
				</celdaViva>
				<celdaViva>
					<fila>10</fila>
					<columna>35</columna>
					<codigoOrganismo>PO10LC</codigoOrganismo>
				</celdaViva>
				<celdaViva>
					<fila>10</fila>
					<columna>36</columna>
					<codigoOrganismo>PO10LC</codigoOrganismo>
				</celdaViva>
				<celdaViva>
					<fila>10</fila>
					<columna>45</columna>
					<codigoOrganismo>PO10LC</codigoOrganismo>
				</celdaViva>
				<celdaViva>
					<fila>11</fila>
					<columna>4</columna>
					<codigoOrganismo>PO10LC</codigoOrganismo>
				</celdaViva>
				<celdaViva>
					<fila>11</fila>
					<columna>5</columna>
					<codigoOrganismo>PO10LC</codigoOrganismo>
				</celdaViva>
				<celdaViva>
					<fila>11</fila>
					<columna>6</columna>
					<codigoOrganismo>PO10LC</codigoOrganismo>
				</celdaViva>
				<celdaViva>
					<fila>11</fila>
					<columna>7</columna>
					<codigoOrganismo>PO10LC</codigoOrganismo>
				</celdaViva>
				<celdaViva>
					<fila>11</fila>
					<columna>10</columna>
					<codigoOrganismo>PO10LC</codigoOrganismo>
				</celdaViva>
				<celdaViva>
					<fila>11</fila>
					<columna>45</columna>
					<codigoOrganismo>PO10LC</codigoOrganismo>
				</celdaViva>
				<celdaViva>
					<fila>12</fila>
					<columna>2</columna>
					<codigoOrganismo>PO10LC</codigoOrganismo>
				</celdaViva>
				<celdaViva>
					<fila>12</fila>
					<columna>4</columna>
					<codigoOrganismo>PO10LC</codigoOrganismo>
				</celdaViva>
				<celdaViva>
					<fila>12</fila>
					<columna>5</columna>
					<codigoOrganismo>PO10LC</codigoOrganismo>
				</celdaViva>
				<celdaViva>
					<fila>12</fila>
					<columna>6</columna>
					<codigoOrganismo>PO10LC</codigoOrganismo>
				</celdaViva>
				<celdaViva>
					<fila>12</fila>
					<columna>7</columna>
					<codigoOrganismo>PO10LC</codigoOrganismo>
				</celdaViva>
				<celdaViva>
					<fila>12</fila>
					<columna>20</columna>
					<codigoOrganismo>PO10LC</codigoOrganismo>
				</celdaViva>
				<celdaViva>
					<fila>12</fila>
					<columna>21</columna>
					<codigoOrganismo>PO10LC</codigoOrganismo>
				</celdaViva>
				<celdaViva>
					<fila>13</fila>
					<columna>2</columna>
					<codigoOrganismo>PO10LC</codigoOrganismo>
				</celdaViva>
				<celdaViva>
					<fila>13</fila>
					<columna>3</columna>
					<codigoOrganismo>PO10LC</codigoOrganismo>
				</celdaViva>
				<celdaViva>
					<fila>13</fila>
					<columna>8</columna>
					<codigoOrganismo>PO10LC</codigoOrganismo>
				</celdaViva>
				<celdaViva>
					<fila>13</fila>
					<columna>13</columna>
					<codigoOrganismo>PO10LC</codigoOrganismo>
				</celdaViva>
				<celdaViva>
					<fila>13</fila>
					<columna>14</columna>
					<codigoOrganismo>PO10LC</codigoOrganismo>
				</celdaViva>
				<celdaViva>
					<fila>14</fila>
					<columna>3</columna>
					<codigoOrganismo>PO10LC</codigoOrganismo>
				</celdaViva>
				<celdaViva>
					<fila>14</fila>
					<columna>8</columna>
					<codigoOrganismo>PO10LC</codigoOrganismo>
				</celdaViva>
				<celdaViva>
					<fila>14</fila>
					<columna>13</columna>
					<codigoOrganismo>PO10LC</codigoOrganismo>
				</celdaViva>
				<celdaViva>
					<fila>14</fila>
					<columna>14</columna>
					<codigoOrganismo>PO10LC</codigoOrganismo>
				</celdaViva>
				<celdaViva>
					<fila>14</fila>
					<columna>42</columna>
					<codigoOrganismo>PO10LC</codigoOrganismo>
				</celdaViva>
				<celdaViva>
					<fila>15</fila>
					<columna>3</columna>
					<codigoOrganismo>PO10LC</codigoOrganismo>
				</celdaViva>
				<celdaViva>
					<fila>15</fila>
					<columna>8</columna>
					<codigoOrganismo>PO10LC</codigoOrganismo>
				</celdaViva>
				<celdaViva>
					<fila>15</fila>
					<columna>13</columna>
					<codigoOrganismo>PO10LC</codigoOrganismo>
				</celdaViva>
				<celdaViva>
					<fila>15</fila>
					<columna>14</columna>
					<codigoOrganismo>PO10LC</codigoOrganismo>
				</celdaViva>
				<celdaViva>
					<fila>15</fila>
					<columna>42</columna>
					<codigoOrganismo>PO10LC</codigoOrganismo>
				</celdaViva>
				<celdaViva>
					<fila>16</fila>
					<columna>8</columna>
					<codigoOrganismo>PO10LC</codigoOrganismo>
				</celdaViva>
				<celdaViva>
					<fila>16</fila>
					<columna>13</columna>
					<codigoOrganismo>PO10LC</codigoOrganismo>
				</celdaViva>
				<celdaViva>
					<fila>16</fila>
					<columna>14</columna>
					<codigoOrganismo>PO10LC</codigoOrganismo>
				</celdaViva>
				<celdaViva>
					<fila>16</fila>
					<columna>28</columna>
					<codigoOrganismo>PO10LC</codigoOrganismo>
				</celdaViva>
				<celdaViva>
					<fila>16</fila>
					<columna>42</columna>
					<codigoOrganismo>PO10LC</codigoOrganismo>
				</celdaViva>
				<celdaViva>
					<fila>17</fila>
					<columna>42</columna>
					<codigoOrganismo>PO10LC</codigoOrganismo>
				</celdaViva>
				<celdaViva>
					<fila>18</fila>
					<columna>4</columna>
					<codigoOrganismo>PO10LC</codigoOrganismo>
				</celdaViva>
				<celdaViva>
					<fila>18</fila>
					<columna>6</columna>
					<codigoOrganismo>PO10LC</codigoOrganismo>
				</celdaViva>
				<celdaViva>
					<fila>18</fila>
					<columna>7</columna>
					<codigoOrganismo>PO10LC</codigoOrganismo>
				</celdaViva>
				<celdaViva>
					<fila>18</fila>
					<columna>8</columna>
					<codigoOrganismo>PO10LC</codigoOrganismo>
				</celdaViva>
				<celdaViva>
					<fila>18</fila>
					<columna>9</columna>
					<codigoOrganismo>PO10LC</codigoOrganismo>
				</celdaViva>
				<celdaViva>
					<fila>18</fila>
					<columna>10</columna>
					<codigoOrganismo>PO10LC</codigoOrganismo>
				</celdaViva>
				<celdaViva>
					<fila>18</fila>
					<columna>42</columna>
					<codigoOrganismo>PO10LC</codigoOrganismo>
				</celdaViva>
				<celdaViva>
					<fila>22</fila>
					<columna>38</columna>
					<codigoOrganismo>PO10LC</codigoOrganismo>
				</celdaViva>
				<celdaViva>
					<fila>22</fila>
					<columna>39</columna>
					<codigoOrganismo>PO10LC</codigoOrganismo>
				</celdaViva>
				<celdaViva>
					<fila>22</fila>
					<columna>40</columna>
					<codigoOrganismo>PO10LC</codigoOrganismo>
				</celdaViva>
				<celdaViva>
					<fila>23</fila>
					<columna>38</columna>
					<codigoOrganismo>PO10LC</codigoOrganismo>
				</celdaViva>
				<celdaViva>
					<fila>23</fila>
					<columna>39</columna>
					<codigoOrganismo>PO10LC</codigoOrganismo>
				</celdaViva>
				<celdaViva>
					<fila>23</fila>
					<columna>40</columna>
					<codigoOrganismo>PO10LC</codigoOrganismo>
				</celdaViva>
				<celdaViva>
					<fila>24</fila>
					<columna>36</columna>
					<codigoOrganismo>PO10LC</codigoOrganismo>
				</celdaViva>
				<celdaViva>
					<fila>24</fila>
					<columna>37</columna>
					<codigoOrganismo>PO10LC</codigoOrganismo>
				</celdaViva>
				<celdaViva>
					<fila>24</fila>
					<columna>38</columna>
					<codigoOrganismo>PO10LC</codigoOrganismo>
				</celdaViva>
				<celdaViva>
					<fila>24</fila>
					<columna>39</columna>
					<codigoOrganismo>PO10LC</codigoOrganismo>
				</celdaViva>
				<celdaViva>
					<fila>24</fila>
					<columna>40</columna>
					<codigoOrganismo>PO10LC</codigoOrganismo>
				</celdaViva>
				<celdaViva>
					<fila>29</fila>
					<columna>11</columna>
					<codigoOrganismo>PO10LC</codigoOrganismo>
				</celdaViva>
				<celdaViva>
					<fila>29</fila>
					<columna>12</columna>
					<codigoOrganismo>PO10LC</codigoOrganismo>
				</celdaViva>
				<celdaViva>
					<fila>29</fila>
					<columna>14</columna>
					<codigoOrganismo>PO10LC</codigoOrganismo>
				</celdaViva>
				<celdaViva>
					<fila>29</fila>
					<columna>15</columna>
					<codigoOrganismo>PO10LC</codigoOrganismo>
				</celdaViva>
				<celdaViva>
					<fila>29</fila>
					<columna>16</columna>
					<codigoOrganismo>PO10LC</codigoOrganismo>
				</celdaViva>
				<celdaViva>
					<fila>29</fila>
					<columna>17</columna>
					<codigoOrganismo>PO10LC</codigoOrganismo>
				</celdaViva>
				<celdaViva>
					<fila>30</fila>
					<columna>11</columna>
					<codigoOrganismo>PO10LC</codigoOrganismo>
				</celdaViva>
				<celdaViva>
					<fila>30</fila>
					<columna>12</columna>
					<codigoOrganismo>PO10LC</codigoOrganismo>
				</celdaViva>
				<celdaViva>
					<fila>30</fila>
					<columna>13</columna>
					<codigoOrganismo>PO10LC</codigoOrganismo>
				</celdaViva>
				<celdaViva>
					<fila>30</fila>
					<columna>14</columna>
					<codigoOrganismo>PO10LC</codigoOrganismo>
				</celdaViva>
				<celdaViva>
					<fila>30</fila>
					<columna>15</columna>
					<codigoOrganismo>PO10LC</codigoOrganismo>
				</celdaViva>
				<celdaViva>
					<fila>30</fila>
					<columna>16</columna>
					<codigoOrganismo>PO10LC</codigoOrganismo>
				</celdaViva>
				<celdaViva>
					<fila>30</fila>
					<columna>22</columna>
					<codigoOrganismo>PO10LC</codigoOrganismo>
				</celdaViva>
				<celdaViva>
					<fila>30</fila>
					<columna>23</columna>
					<codigoOrganismo>PO10LC</codigoOrganismo>
				</celdaViva>
				<celdaViva>
					<fila>30</fila>
					<columna>24</columna>
					<codigoOrganismo>PO10LC</codigoOrganismo>
				</celdaViva>
				<celdaViva>
					<fila>30</fila>
					<columna>25</columna>
					<codigoOrganismo>PO10LC</codigoOrganismo>
				</celdaViva>
				<celdaViva>
					<fila>30</fila>
					<columna>26</columna>
					<codigoOrganismo>PO10LC</codigoOrganismo>
				</celdaViva>
				<celdaViva>
					<fila>30</fila>
					<columna>27</columna>
					<codigoOrganismo>PO10LC</codigoOrganismo>
				</celdaViva>
				<celdaViva>
					<fila>30</fila>
					<columna>28</columna>
					<codigoOrganismo>PO10LC</codigoOrganismo>
				</celdaViva>
				<celdaViva>
					<fila>30</fila>
					<columna>29</columna>
					<codigoOrganismo>PO10LC</codigoOrganismo>
				</celdaViva>
				<celdaViva>
					<fila>30</fila>
					<columna>30</columna>
					<codigoOrganismo>PO10LC</codigoOrganismo>
				</celdaViva>
				<celdaViva>
					<fila>33</fila>
					<columna>7</columna>
					<codigoOrganismo>PO10LC</codigoOrganismo>
				</celdaViva>
				<celdaViva>
					<fila>33</fila>
					<columna>8</columna>
					<codigoOrganismo>PO10LC</codigoOrganismo>
				</celdaViva>
				<celdaViva>
					<fila>34</fila>
					<columna>48</columna>
					<codigoOrganismo>PO10LC</codigoOrganismo>
				</celdaViva>
				<celdaViva>
					<fila>36</fila>
					<columna>19</columna>
					<codigoOrganismo>PO10LC</codigoOrganismo>
				</celdaViva>
				<celdaViva>
					<fila>36</fila>
					<columna>20</columna>
					<codigoOrganismo>PO10LC</codigoOrganismo>
				</celdaViva>
				<celdaViva>
					<fila>36</fila>
					<columna>21</columna>
					<codigoOrganismo>PO10LC</codigoOrganismo>
				</celdaViva>
				<celdaViva>
					<fila>36</fila>
					<columna>22</columna>
					<codigoOrganismo>PO10LC</codigoOrganismo>
				</celdaViva>
				<celdaViva>
					<fila>36</fila>
					<columna>23</columna>
					<codigoOrganismo>PO10LC</codigoOrganismo>
				</celdaViva>
				<celdaViva>
					<fila>36</fila>
					<columna>24</columna>
					<codigoOrganismo>PO10LC</codigoOrganismo>
				</celdaViva>
				<celdaViva>
					<fila>36</fila>
					<columna>25</columna>
					<codigoOrganismo>PO10LC</codigoOrganismo>
				</celdaViva>
				<celdaViva>
					<fila>37</fila>
					<columna>19</columna>
					<codigoOrganismo>PO10LC</codigoOrganismo>
				</celdaViva>
				<celdaViva>
					<fila>37</fila>
					<columna>20</columna>
					<codigoOrganismo>PO10LC</codigoOrganismo>
				</celdaViva>
				<celdaViva>
					<fila>37</fila>
					<columna>21</columna>
					<codigoOrganismo>PO10LC</codigoOrganismo>
				</celdaViva>
				<celdaViva>
					<fila>37</fila>
					<columna>22</columna>
					<codigoOrganismo>PO10LC</codigoOrganismo>
				</celdaViva>
				<celdaViva>
					<fila>37</fila>
					<columna>23</columna>
					<codigoOrganismo>PO10LC</codigoOrganismo>
				</celdaViva>
				<celdaViva>
					<fila>37</fila>
					<columna>24</columna>
					<codigoOrganismo>PO10LC</codigoOrganismo>
				</celdaViva>
				<celdaViva>
					<fila>37</fila>
					<columna>25</columna>
					<codigoOrganismo>PO10LC</codigoOrganismo>
				</celdaViva>
				<celdaViva>
					<fila>37</fila>
					<columna>35</columna>
					<codigoOrganismo>PO10LC</codigoOrganismo>
				</celdaViva>
				<celdaViva>
					<fila>37</fila>
					<columna>36</columna>
					<codigoOrganismo>PO10LC</codigoOrganismo>
				</celdaViva>
				<celdaViva>
					<fila>37</fila>
					<columna>37</columna>
					<codigoOrganismo>PO10LC</codigoOrganismo>
				</celdaViva>
				<celdaViva>
					<fila>37</fila>
					<columna>38</columna>
					<codigoOrganismo>PO10LC</codigoOrganismo>
				</celdaViva>
				<celdaViva>
					<fila>37</fila>
					<columna>39</columna>
					<codigoOrganismo>PO10LC</codigoOrganismo>
				</celdaViva>
				<celdaViva>
					<fila>37</fila>
					<columna>40</columna>
					<codigoOrganismo>PO10LC</codigoOrganismo>
				</celdaViva>
				<celdaViva>
					<fila>37</fila>
					<columna>41</columna>
					<codigoOrganismo>PO10LC</codigoOrganismo>
				</celdaViva>
				<celdaViva>
					<fila>38</fila>
					<columna>19</columna>
					<codigoOrganismo>PO10LC</codigoOrganismo>
				</celdaViva>
				<celdaViva>
					<fila>38</fila>
					<columna>20</columna>
					<codigoOrganismo>PO10LC</codigoOrganismo>
				</celdaViva>
				<celdaViva>
					<fila>38</fila>
					<columna>21</columna>
					<codigoOrganismo>PO10LC</codigoOrganismo>
				</celdaViva>
				<celdaViva>
					<fila>38</fila>
					<columna>22</columna>
					<codigoOrganismo>PO10LC</codigoOrganismo>
				</celdaViva>
				<celdaViva>
					<fila>38</fila>
					<columna>23</columna>
					<codigoOrganismo>PO10LC</codigoOrganismo>
				</celdaViva>
				<celdaViva>
					<fila>38</fila>
					<columna>24</columna>
					<codigoOrganismo>PO10LC</codigoOrganismo>
				</celdaViva>
				<celdaViva>
					<fila>38</fila>
					<columna>25</columna>
					<codigoOrganismo>PO10LC</codigoOrganismo>
				</celdaViva>
				<celdaViva>
					<fila>38</fila>
					<columna>35</columna>
					<codigoOrganismo>PO10LC</codigoOrganismo>
				</celdaViva>
				<celdaViva>
					<fila>38</fila>
					<columna>36</columna>
					<codigoOrganismo>PO10LC</codigoOrganismo>
				</celdaViva>
				<celdaViva>
					<fila>38</fila>
					<columna>37</columna>
					<codigoOrganismo>PO10LC</codigoOrganismo>
				</celdaViva>
				<celdaViva>
					<fila>38</fila>
					<columna>38</columna>
					<codigoOrganismo>PO10LC</codigoOrganismo>
				</celdaViva>
				<celdaViva>
					<fila>38</fila>
					<columna>39</columna>
					<codigoOrganismo>PO10LC</codigoOrganismo>
				</celdaViva>
				<celdaViva>
					<fila>38</fila>
					<columna>40</columna>
					<codigoOrganismo>PO10LC</codigoOrganismo>
				</celdaViva>
				<celdaViva>
					<fila>38</fila>
					<columna>41</columna>
					<codigoOrganismo>PO10LC</codigoOrganismo>
				</celdaViva>
				<celdaViva>
					<fila>18</fila>
					<columna>24</columna>
					<codigoOrganismo>DD03DT</codigoOrganismo>
				</celdaViva>
				<celdaViva>
					<fila>5</fila>
					<columna>9</columna>
					<codigoOrganismo>HA05FA</codigoOrganismo>
				</celdaViva>
				<celdaViva>
					<fila>6</fila>
					<columna>2</columna>
					<codigoOrganismo>HA05FA</codigoOrganismo>
				</celdaViva>
				<celdaViva>
					<fila>7</fila>
					<columna>43</columna>
					<codigoOrganismo>HA05FA</codigoOrganismo>
				</celdaViva>
				<celdaViva>
					<fila>8</fila>
					<columna>14</columna>
					<codigoOrganismo>HA05FA</codigoOrganismo>
				</celdaViva>
				<celdaViva>
					<fila>8</fila>
					<columna>15</columna>
					<codigoOrganismo>HA05FA</codigoOrganismo>
				</celdaViva>
				<celdaViva>
					<fila>8</fila>
					<columna>16</columna>
					<codigoOrganismo>HA05FA</codigoOrganismo>
				</celdaViva>
				<celdaViva>
					<fila>9</fila>
					<columna>14</columna>
					<codigoOrganismo>HA05FA</codigoOrganismo>
				</celdaViva>
				<celdaViva>
					<fila>9</fila>
					<columna>15</columna>
					<codigoOrganismo>HA05FA</codigoOrganismo>
				</celdaViva>
				<celdaViva>
					<fila>9</fila>
					<columna>16</columna>
					<codigoOrganismo>HA05FA</codigoOrganismo>
				</celdaViva>
				<celdaViva>
					<fila>10</fila>
					<columna>14</columna>
					<codigoOrganismo>HA05FA</codigoOrganismo>
				</celdaViva>
				<celdaViva>
					<fila>10</fila>
					<columna>15</columna>
					<codigoOrganismo>HA05FA</codigoOrganismo>
				</celdaViva>
				<celdaViva>
					<fila>10</fila>
					<columna>16</columna>
					<codigoOrganismo>HA05FA</codigoOrganismo>
				</celdaViva>
				<celdaViva>
					<fila>12</fila>
					<columna>47</columna>
					<codigoOrganismo>HA05FA</codigoOrganismo>
				</celdaViva>
				<celdaViva>
					<fila>12</fila>
					<columna>48</columna>
					<codigoOrganismo>HA05FA</codigoOrganismo>
				</celdaViva>
				<celdaViva>
					<fila>13</fila>
					<columna>47</columna>
					<codigoOrganismo>HA05FA</codigoOrganismo>
				</celdaViva>
				<celdaViva>
					<fila>13</fila>
					<columna>48</columna>
					<codigoOrganismo>HA05FA</codigoOrganismo>
				</celdaViva>
				<celdaViva>
					<fila>14</fila>
					<columna>1</columna>
					<codigoOrganismo>HA05FA</codigoOrganismo>
				</celdaViva>
				<celdaViva>
					<fila>14</fila>
					<columna>47</columna>
					<codigoOrganismo>HA05FA</codigoOrganismo>
				</celdaViva>
				<celdaViva>
					<fila>14</fila>
					<columna>48</columna>
					<codigoOrganismo>HA05FA</codigoOrganismo>
				</celdaViva>
				<celdaViva>
					<fila>14</fila>
					<columna>17</columna>
					<codigoOrganismo>HA05FA</codigoOrganismo>
				</celdaViva>
				<celdaViva>
					<fila>15</fila>
					<columna>10</columna>
					<codigoOrganismo>HA05FA</codigoOrganismo>
				</celdaViva>
				<celdaViva>
					<fila>15</fila>
					<columna>17</columna>
					<codigoOrganismo>HA05FA</codigoOrganismo>
				</celdaViva>
				<celdaViva>
					<fila>18</fila>
					<columna>11</columna>
					<codigoOrganismo>HA05FA</codigoOrganismo>
				</celdaViva>
				<celdaViva>
					<fila>19</fila>
					<columna>48</columna>
					<codigoOrganismo>HA05FA</codigoOrganismo>
				</celdaViva>
				<celdaViva>
					<fila>19</fila>
					<columna>49</columna>
					<codigoOrganismo>HA05FA</codigoOrganismo>
				</celdaViva>
				<celdaViva>
					<fila>20</fila>
					<columna>1</columna>
					<codigoOrganismo>HA05FA</codigoOrganismo>
				</celdaViva>
				<celdaViva>
					<fila>20</fila>
					<columna>11</columna>
					<codigoOrganismo>HA05FA</codigoOrganismo>
				</celdaViva>
				<celdaViva>
					<fila>20</fila>
					<columna>12</columna>
					<codigoOrganismo>HA05FA</codigoOrganismo>
				</celdaViva>
				<celdaViva>
					<fila>20</fila>
					<columna>37</columna>
					<codigoOrganismo>HA05FA</codigoOrganismo>
				</celdaViva>
				<celdaViva>
					<fila>20</fila>
					<columna>48</columna>
					<codigoOrganismo>HA05FA</codigoOrganismo>
				</celdaViva>
				<celdaViva>
					<fila>20</fila>
					<columna>49</columna>
					<codigoOrganismo>HA05FA</codigoOrganismo>
				</celdaViva>
				<celdaViva>
					<fila>21</fila>
					<columna>11</columna>
					<codigoOrganismo>HA05FA</codigoOrganismo>
				</celdaViva>
				<celdaViva>
					<fila>21</fila>
					<columna>12</columna>
					<codigoOrganismo>HA05FA</codigoOrganismo>
				</celdaViva>
				<celdaViva>
					<fila>23</fila>
					<columna>44</columna>
					<codigoOrganismo>HA05FA</codigoOrganismo>
				</celdaViva>
				<celdaViva>
					<fila>23</fila>
					<columna>45</columna>
					<codigoOrganismo>HA05FA</codigoOrganismo>
				</celdaViva>
				<celdaViva>
					<fila>25</fila>
					<columna>2</columna>
					<codigoOrganismo>HA05FA</codigoOrganismo>
				</celdaViva>
				<celdaViva>
					<fila>26</fila>
					<columna>18</columna>
					<codigoOrganismo>HA05FA</codigoOrganismo>
				</celdaViva>
				<celdaViva>
					<fila>26</fila>
					<columna>19</columna>
					<codigoOrganismo>HA05FA</codigoOrganismo>
				</celdaViva>
				<celdaViva>
					<fila>26</fila>
					<columna>22</columna>
					<codigoOrganismo>HA05FA</codigoOrganismo>
				</celdaViva>
				<celdaViva>
					<fila>26</fila>
					<columna>23</columna>
					<codigoOrganismo>HA05FA</codigoOrganismo>
				</celdaViva>
				<celdaViva>
					<fila>27</fila>
					<columna>18</columna>
					<codigoOrganismo>HA05FA</codigoOrganismo>
				</celdaViva>
				<celdaViva>
					<fila>27</fila>
					<columna>19</columna>
					<codigoOrganismo>HA05FA</codigoOrganismo>
				</celdaViva>
				<celdaViva>
					<fila>30</fila>
					<columna>17</columna>
					<codigoOrganismo>HA05FA</codigoOrganismo>
				</celdaViva>
				<celdaViva>
					<fila>30</fila>
					<columna>18</columna>
					<codigoOrganismo>HA05FA</codigoOrganismo>
				</celdaViva>
				<celdaViva>
					<fila>31</fila>
					<columna>17</columna>
					<codigoOrganismo>HA05FA</codigoOrganismo>
				</celdaViva>
				<celdaViva>
					<fila>31</fila>
					<columna>18</columna>
					<codigoOrganismo>HA05FA</codigoOrganismo>
				</celdaViva>
				<celdaViva>
					<fila>34</fila>
					<columna>7</columna>
					<codigoOrganismo>HA05FA</codigoOrganismo>
				</celdaViva>
				<celdaViva>
					<fila>34</fila>
					<columna>8</columna>
					<codigoOrganismo>HA05FA</codigoOrganismo>
				</celdaViva>
				<celdaViva>
					<fila>35</fila>
					<columna>7</columna>
					<codigoOrganismo>HA05FA</codigoOrganismo>
				</celdaViva>
				<celdaViva>
					<fila>35</fila>
					<columna>8</columna>
					<codigoOrganismo>HA05FA</codigoOrganismo>
				</celdaViva>
				<celdaViva>
					<fila>36</fila>
					<columna>12</columna>
					<codigoOrganismo>HA05FA</codigoOrganismo>
				</celdaViva>
				<celdaViva>
					<fila>36</fila>
					<columna>13</columna>
					<codigoOrganismo>HA05FA</codigoOrganismo>
				</celdaViva>
				<celdaViva>
					<fila>36</fila>
					<columna>14</columna>
					<codigoOrganismo>HA05FA</codigoOrganismo>
				</celdaViva>
				<celdaViva>
					<fila>37</fila>
					<columna>12</columna>
					<codigoOrganismo>HA05FA</codigoOrganismo>
				</celdaViva>
				<celdaViva>
					<fila>37</fila>
					<columna>13</columna>
					<codigoOrganismo>HA05FA</codigoOrganismo>
				</celdaViva>
				<celdaViva>
					<fila>37</fila>
					<columna>14</columna>
					<codigoOrganismo>HA05FA</codigoOrganismo>
				</celdaViva>
				<celdaViva>
					<fila>3</fila>
					<columna>7</columna>
					<codigoOrganismo>DM17GF</codigoOrganismo>
				</celdaViva>
				<celdaViva>
					<fila>3</fila>
					<columna>8</columna>
					<codigoOrganismo>DM17GF</codigoOrganismo>
				</celdaViva>
				<celdaViva>
					<fila>3</fila>
					<columna>9</columna>
					<codigoOrganismo>DM17GF</codigoOrganismo>
				</celdaViva>
				<celdaViva>
					<fila>4</fila>
					<columna>5</columna>
					<codigoOrganismo>DM17GF</codigoOrganismo>
				</celdaViva>
				<celdaViva>
					<fila>4</fila>
					<columna>19</columna>
					<codigoOrganismo>DM17GF</codigoOrganismo>
				</celdaViva>
				<celdaViva>
					<fila>4</fila>
					<columna>20</columna>
					<codigoOrganismo>DM17GF</codigoOrganismo>
				</celdaViva>
				<celdaViva>
					<fila>4</fila>
					<columna>21</columna>
					<codigoOrganismo>DM17GF</codigoOrganismo>
				</celdaViva>
				<celdaViva>
					<fila>4</fila>
					<columna>22</columna>
					<codigoOrganismo>DM17GF</codigoOrganismo>
				</celdaViva>
				<celdaViva>
					<fila>4</fila>
					<columna>23</columna>
					<codigoOrganismo>DM17GF</codigoOrganismo>
				</celdaViva>
				<celdaViva>
					<fila>4</fila>
					<columna>24</columna>
					<codigoOrganismo>DM17GF</codigoOrganismo>
				</celdaViva>
				<celdaViva>
					<fila>4</fila>
					<columna>25</columna>
					<codigoOrganismo>DM17GF</codigoOrganismo>
				</celdaViva>
				<celdaViva>
					<fila>5</fila>
					<columna>19</columna>
					<codigoOrganismo>DM17GF</codigoOrganismo>
				</celdaViva>
				<celdaViva>
					<fila>5</fila>
					<columna>20</columna>
					<codigoOrganismo>DM17GF</codigoOrganismo>
				</celdaViva>
				<celdaViva>
					<fila>5</fila>
					<columna>21</columna>
					<codigoOrganismo>DM17GF</codigoOrganismo>
				</celdaViva>
				<celdaViva>
					<fila>5</fila>
					<columna>22</columna>
					<codigoOrganismo>DM17GF</codigoOrganismo>
				</celdaViva>
				<celdaViva>
					<fila>5</fila>
					<columna>23</columna>
					<codigoOrganismo>DM17GF</codigoOrganismo>
				</celdaViva>
				<celdaViva>
					<fila>5</fila>
					<columna>24</columna>
					<codigoOrganismo>DM17GF</codigoOrganismo>
				</celdaViva>
				<celdaViva>
					<fila>5</fila>
					<columna>25</columna>
					<codigoOrganismo>DM17GF</codigoOrganismo>
				</celdaViva>
				<celdaViva>
					<fila>6</fila>
					<columna>19</columna>
					<codigoOrganismo>DM17GF</codigoOrganismo>
				</celdaViva>
				<celdaViva>
					<fila>6</fila>
					<columna>20</columna>
					<codigoOrganismo>DM17GF</codigoOrganismo>
				</celdaViva>
				<celdaViva>
					<fila>6</fila>
					<columna>21</columna>
					<codigoOrganismo>DM17GF</codigoOrganismo>
				</celdaViva>
				<celdaViva>
					<fila>6</fila>
					<columna>22</columna>
					<codigoOrganismo>DM17GF</codigoOrganismo>
				</celdaViva>
				<celdaViva>
					<fila>6</fila>
					<columna>23</columna>
					<codigoOrganismo>DM17GF</codigoOrganismo>
				</celdaViva>
				<celdaViva>
					<fila>6</fila>
					<columna>24</columna>
					<codigoOrganismo>DM17GF</codigoOrganismo>
				</celdaViva>
				<celdaViva>
					<fila>6</fila>
					<columna>25</columna>
					<codigoOrganismo>DM17GF</codigoOrganismo>
				</celdaViva>
				<celdaViva>
					<fila>7</fila>
					<columna>30</columna>
					<codigoOrganismo>DM17GF</codigoOrganismo>
				</celdaViva>
				<celdaViva>
					<fila>7</fila>
					<columna>31</columna>
					<codigoOrganismo>DM17GF</codigoOrganismo>
				</celdaViva>
				<celdaViva>
					<fila>7</fila>
					<columna>32</columna>
					<codigoOrganismo>DM17GF</codigoOrganismo>
				</celdaViva>
				<celdaViva>
					<fila>8</fila>
					<columna>30</columna>
					<codigoOrganismo>DM17GF</codigoOrganismo>
				</celdaViva>
				<celdaViva>
					<fila>8</fila>
					<columna>31</columna>
					<codigoOrganismo>DM17GF</codigoOrganismo>
				</celdaViva>
				<celdaViva>
					<fila>8</fila>
					<columna>32</columna>
					<codigoOrganismo>DM17GF</codigoOrganismo>
				</celdaViva>
				<celdaViva>
					<fila>8</fila>
					<columna>11</columna>
					<codigoOrganismo>DM17GF</codigoOrganismo>
				</celdaViva>
				<celdaViva>
					<fila>9</fila>
					<columna>3</columna>
					<codigoOrganismo>DM17GF</codigoOrganismo>
				</celdaViva>
				<celdaViva>
					<fila>9</fila>
					<columna>30</columna>
					<codigoOrganismo>DM17GF</codigoOrganismo>
				</celdaViva>
				<celdaViva>
					<fila>9</fila>
					<columna>31</columna>
					<codigoOrganismo>DM17GF</codigoOrganismo>
				</celdaViva>
				<celdaViva>
					<fila>9</fila>
					<columna>32</columna>
					<codigoOrganismo>DM17GF</codigoOrganismo>
				</celdaViva>
				<celdaViva>
					<fila>10</fila>
					<columna>30</columna>
					<codigoOrganismo>DM17GF</codigoOrganismo>
				</celdaViva>
				<celdaViva>
					<fila>10</fila>
					<columna>31</columna>
					<codigoOrganismo>DM17GF</codigoOrganismo>
				</celdaViva>
				<celdaViva>
					<fila>10</fila>
					<columna>32</columna>
					<codigoOrganismo>DM17GF</codigoOrganismo>
				</celdaViva>
				<celdaViva>
					<fila>11</fila>
					<columna>2</columna>
					<codigoOrganismo>DM17GF</codigoOrganismo>
				</celdaViva>
				<celdaViva>
					<fila>11</fila>
					<columna>13</columna>
					<codigoOrganismo>DM17GF</codigoOrganismo>
				</celdaViva>
				<celdaViva>
					<fila>11</fila>
					<columna>30</columna>
					<codigoOrganismo>DM17GF</codigoOrganismo>
				</celdaViva>
				<celdaViva>
					<fila>11</fila>
					<columna>31</columna>
					<codigoOrganismo>DM17GF</codigoOrganismo>
				</celdaViva>
				<celdaViva>
					<fila>11</fila>
					<columna>32</columna>
					<codigoOrganismo>DM17GF</codigoOrganismo>
				</celdaViva>
				<celdaViva>
					<fila>13</fila>
					<columna>21</columna>
					<codigoOrganismo>DM17GF</codigoOrganismo>
				</celdaViva>
				<celdaViva>
					<fila>15</fila>
					<columna>30</columna>
					<codigoOrganismo>DM17GF</codigoOrganismo>
				</celdaViva>
				<celdaViva>
					<fila>17</fila>
					<columna>3</columna>
					<codigoOrganismo>DM17GF</codigoOrganismo>
				</celdaViva>
				<celdaViva>
					<fila>18</fila>
					<columna>3</columna>
					<codigoOrganismo>DM17GF</codigoOrganismo>
				</celdaViva>
				<celdaViva>
					<fila>19</fila>
					<columna>18</columna>
					<codigoOrganismo>DM17GF</codigoOrganismo>
				</celdaViva>
				<celdaViva>
					<fila>19</fila>
					<columna>19</columna>
					<codigoOrganismo>DM17GF</codigoOrganismo>
				</celdaViva>
				<celdaViva>
					<fila>19</fila>
					<columna>40</columna>
					<codigoOrganismo>DM17GF</codigoOrganismo>
				</celdaViva>
				<celdaViva>
					<fila>20</fila>
					<columna>5</columna>
					<codigoOrganismo>DM17GF</codigoOrganismo>
				</celdaViva>
				<celdaViva>
					<fila>20</fila>
					<columna>6</columna>
					<codigoOrganismo>DM17GF</codigoOrganismo>
				</celdaViva>
				<celdaViva>
					<fila>20</fila>
					<columna>7</columna>
					<codigoOrganismo>DM17GF</codigoOrganismo>
				</celdaViva>
				<celdaViva>
					<fila>20</fila>
					<columna>8</columna>
					<codigoOrganismo>DM17GF</codigoOrganismo>
				</celdaViva>
				<celdaViva>
					<fila>20</fila>
					<columna>28</columna>
					<codigoOrganismo>DM17GF</codigoOrganismo>
				</celdaViva>
				<celdaViva>
					<fila>21</fila>
					<columna>4</columna>
					<codigoOrganismo>DM17GF</codigoOrganismo>
				</celdaViva>
				<celdaViva>
					<fila>21</fila>
					<columna>42</columna>
					<codigoOrganismo>DM17GF</codigoOrganismo>
				</celdaViva>
				<celdaViva>
					<fila>22</fila>
					<columna>10</columna>
					<codigoOrganismo>DM17GF</codigoOrganismo>
				</celdaViva>
				<celdaViva>
					<fila>22</fila>
					<columna>11</columna>
					<codigoOrganismo>DM17GF</codigoOrganismo>
				</celdaViva>
				<celdaViva>
					<fila>22</fila>
					<columna>12</columna>
					<codigoOrganismo>DM17GF</codigoOrganismo>
				</celdaViva>
				<celdaViva>
					<fila>22</fila>
					<columna>42</columna>
					<codigoOrganismo>DM17GF</codigoOrganismo>
				</celdaViva>
				<celdaViva>
					<fila>25</fila>
					<columna>8</columna>
					<codigoOrganismo>DM17GF</codigoOrganismo>
				</celdaViva>
				<celdaViva>
					<fila>25</fila>
					<columna>40</columna>
					<codigoOrganismo>DM17GF</codigoOrganismo>
				</celdaViva>
				<celdaViva>
					<fila>26</fila>
					<columna>8</columna>
					<codigoOrganismo>DM17GF</codigoOrganismo>
				</celdaViva>
				<celdaViva>
					<fila>27</fila>
					<columna>8</columna>
					<codigoOrganismo>DM17GF</codigoOrganismo>
				</celdaViva>
				<celdaViva>
					<fila>27</fila>
					<columna>9</columna>
					<codigoOrganismo>DM17GF</codigoOrganismo>
				</celdaViva>
				<celdaViva>
					<fila>27</fila>
					<columna>42</columna>
					<codigoOrganismo>DM17GF</codigoOrganismo>
				</celdaViva>
				<celdaViva>
					<fila>27</fila>
					<columna>46</columna>
					<codigoOrganismo>DM17GF</codigoOrganismo>
				</celdaViva>
				<celdaViva>
					<fila>27</fila>
					<columna>47</columna>
					<codigoOrganismo>DM17GF</codigoOrganismo>
				</celdaViva>
				<celdaViva>
					<fila>28</fila>
					<columna>39</columna>
					<codigoOrganismo>DM17GF</codigoOrganismo>
				</celdaViva>
				<celdaViva>
					<fila>28</fila>
					<columna>46</columna>
					<codigoOrganismo>DM17GF</codigoOrganismo>
				</celdaViva>
				<celdaViva>
					<fila>28</fila>
					<columna>47</columna>
					<codigoOrganismo>DM17GF</codigoOrganismo>
				</celdaViva>
				<celdaViva>
					<fila>29</fila>
					<columna>13</columna>
					<codigoOrganismo>DM17GF</codigoOrganismo>
				</celdaViva>
				<celdaViva>
					<fila>29</fila>
					<columna>34</columna>
					<codigoOrganismo>DM17GF</codigoOrganismo>
				</celdaViva>
				<celdaViva>
					<fila>29</fila>
					<columna>35</columna>
					<codigoOrganismo>DM17GF</codigoOrganismo>
				</celdaViva>
				<celdaViva>
					<fila>29</fila>
					<columna>36</columna>
					<codigoOrganismo>DM17GF</codigoOrganismo>
				</celdaViva>
				<celdaViva>
					<fila>29</fila>
					<columna>39</columna>
					<codigoOrganismo>DM17GF</codigoOrganismo>
				</celdaViva>
				<celdaViva>
					<fila>29</fila>
					<columna>44</columna>
					<codigoOrganismo>DM17GF</codigoOrganismo>
				</celdaViva>
				<celdaViva>
					<fila>29</fila>
					<columna>46</columna>
					<codigoOrganismo>DM17GF</codigoOrganismo>
				</celdaViva>
				<celdaViva>
					<fila>29</fila>
					<columna>47</columna>
					<codigoOrganismo>DM17GF</codigoOrganismo>
				</celdaViva>
				<celdaViva>
					<fila>30</fila>
					<columna>21</columna>
					<codigoOrganismo>DM17GF</codigoOrganismo>
				</celdaViva>
				<celdaViva>
					<fila>30</fila>
					<columna>34</columna>
					<codigoOrganismo>DM17GF</codigoOrganismo>
				</celdaViva>
				<celdaViva>
					<fila>30</fila>
					<columna>35</columna>
					<codigoOrganismo>DM17GF</codigoOrganismo>
				</celdaViva>
				<celdaViva>
					<fila>30</fila>
					<columna>36</columna>
					<codigoOrganismo>DM17GF</codigoOrganismo>
				</celdaViva>
				<celdaViva>
					<fila>30</fila>
					<columna>46</columna>
					<codigoOrganismo>DM17GF</codigoOrganismo>
				</celdaViva>
				<celdaViva>
					<fila>30</fila>
					<columna>47</columna>
					<codigoOrganismo>DM17GF</codigoOrganismo>
				</celdaViva>
				<celdaViva>
					<fila>31</fila>
					<columna>24</columna>
					<codigoOrganismo>DM17GF</codigoOrganismo>
				</celdaViva>
				<celdaViva>
					<fila>31</fila>
					<columna>30</columna>
					<codigoOrganismo>DM17GF</codigoOrganismo>
				</celdaViva>
				<celdaViva>
					<fila>31</fila>
					<columna>41</columna>
					<codigoOrganismo>DM17GF</codigoOrganismo>
				</celdaViva>
				<celdaViva>
					<fila>32</fila>
					<columna>36</columna>
					<codigoOrganismo>DM17GF</codigoOrganismo>
				</celdaViva>
				<celdaViva>
					<fila>32</fila>
					<columna>44</columna>
					<codigoOrganismo>DM17GF</codigoOrganismo>
				</celdaViva>
				<celdaViva>
					<fila>33</fila>
					<columna>44</columna>
					<codigoOrganismo>DM17GF</codigoOrganismo>
				</celdaViva>
				<celdaViva>
					<fila>34</fila>
					<columna>37</columna>
					<codigoOrganismo>DM17GF</codigoOrganismo>
				</celdaViva>
				<celdaViva>
					<fila>34</fila>
					<columna>38</columna>
					<codigoOrganismo>DM17GF</codigoOrganismo>
				</celdaViva>
				<celdaViva>
					<fila>34</fila>
					<columna>39</columna>
					<codigoOrganismo>DM17GF</codigoOrganismo>
				</celdaViva>
				<celdaViva>
					<fila>34</fila>
					<columna>40</columna>
					<codigoOrganismo>DM17GF</codigoOrganismo>
				</celdaViva>
				<celdaViva>
					<fila>35</fila>
					<columna>31</columna>
					<codigoOrganismo>DM17GF</codigoOrganismo>
				</celdaViva>
				<celdaViva>
					<fila>35</fila>
					<columna>32</columna>
					<codigoOrganismo>DM17GF</codigoOrganismo>
				</celdaViva>
				<celdaViva>
					<fila>36</fila>
					<columna>37</columna>
					<codigoOrganismo>DM17GF</codigoOrganismo>
				</celdaViva>
				<celdaViva>
					<fila>36</fila>
					<columna>38</columna>
					<codigoOrganismo>DM17GF</codigoOrganismo>
				</celdaViva>
				<celdaViva>
					<fila>37</fila>
					<columna>40</columna>
					<codigoOrganismo>DM17GF</codigoOrganismo>
				</celdaViva>
			</listadoCeldasVivas>
		</muestra>
	</listadoMuestras>
</datosMarte>